<TopologieFile Version="V5.6 + SP2 + HF6" NextFreeID="118"><WiringTypes><WiringType ID="1" Class="0" Name="Kupfer"/><WiringType ID="108" Name="Lichtwellenleiter" Class="54"/><WiringType ID="109" Name="Lichtwellenleiter" Class="5"/><WiringType ID="110" Name="Lichtwellenleiter" Class="26"/><WiringType ID="111" Name="Lichtwellenleiter" Class="1"/><WiringType ID="112" Name="Lichtwellenleiter" Class="10"/><WiringType ID="113" Name="Lichtwellenleiter" Class="18"/><WiringType ID="114" Name="Lichtwellenleiter" Class="13"/><WiringType ID="115" Name="Lichtwellenleiter" Class="46"/><WiringType ID="116" Name="Lichtwellenleiter" Class="24"/><WiringType ID="117" Name="Lichtwellenleiter" Class="99"/></WiringTypes><Project ID="2" Name="AFO010_Ma" ProjPath="D:\#100289 BMW Berlin\AFO010_Maschine\PLC\AFO010_Ma" EnvID="426" EnvType="1122305"><AvailableSubnetsStep7><Subnet ID="3" Name="Ethernet(1)"/></AvailableSubnetsStep7><AvailableDeviceTypesStep7><DeviceType ID="5" ObjType="19798481" Name="CPU 317F-3 PN/DP" Webable="1"><InterfaceType ID="9" ObjType="19798491"><PortType ID="11" ObjType="19798480" WiringTypeRefId="1"/></InterfaceType></DeviceType><DeviceType ID="7" ObjType="1314969"><GraphLayout BitMapPath="SIMATIC300.bmp"/></DeviceType><DeviceType ID="14" ObjType="2365433" Name="IM155-6PN-HF-V3.3" Webable="1"><GraphLayout BitMapPath="C:\Program Files (x86)\Siemens\Step7\S7data\Nsbmp\GSDML-002A-0313-ET200SP-03.BMP"/><InterfaceType ID="16" ObjType="2365434"><PortType ID="18" ObjType="2365184" WiringTypeRefId="1"/></InterfaceType></DeviceType><DeviceType ID="21" ObjType="1316803" Name="axis" Webable="1"><GraphLayout BitMapPath="C:\Program Files (x86)\Siemens\Step7\S7data\Nsbmp\GSDML-011F-2802-xFC0x.bmp"/><InterfaceType ID="23" ObjType="1316804"><PortType ID="25" ObjType="1316846" WiringTypeRefId="1"/></InterfaceType></DeviceType><DeviceType ID="28" ObjType="2365298" Name="IM154-4PN" Webable="1"><GraphLayout BitMapPath="C:\Program Files (x86)\Siemens\Step7\S7data\Nsbmp\ET200pro_f.BMP"/><InterfaceType ID="30" ObjType="2365299"><PortType ID="32" ObjType="2365301" WiringTypeRefId="1"/></InterfaceType></DeviceType><DeviceType ID="35" ObjType="1316803" Name="SCALANCE-XC216" Webable="1"><GraphLayout BitMapPath="C:\Program Files (x86)\Siemens\Step7\S7data\Nsbmp\GSDML-002A-0A0B-SCALANCEXC216.bmp"/><InterfaceType ID="37" ObjType="1316804"><PortType ID="39" ObjType="1316846" WiringTypeRefId="1"/></InterfaceType></DeviceType><DeviceType ID="59" ObjType="1316803" Name="artisctm" Webable="1"><GraphLayout BitMapPath="C:\Program Files (x86)\Siemens\Step7\S7data\Nsbmp\GSDML-029F-0001-ARTIS-CTM.bmp"/><InterfaceType ID="61" ObjType="1316804"><PortType ID="63" ObjType="1316846" WiringTypeRefId="1"/></InterfaceType></DeviceType><DeviceType ID="78" ObjType="1316803" Name="ABCC-PRT-2-Port" Webable="1"><GraphLayout BitMapPath="C:\Program Files (x86)\Siemens\Step7\S7data\Nsbmp\GSDML-010C-0009-ABCC-PRT2P.bmp"/><InterfaceType ID="80" ObjType="1316804"><PortType ID="82" ObjType="1316846" WiringTypeRefId="1"/></InterfaceType></DeviceType><DeviceType ID="86" ObjType="1316803" Name="DataMan" Webable="1"><GraphLayout BitMapPath="C:\Program Files (x86)\Siemens\Step7\S7data\Nsbmp\GSDML-0137-0005-DataMan8000.bmp"/><InterfaceType ID="88" ObjType="1316804"><PortType ID="90" ObjType="1316846" WiringTypeRefId="1"/></InterfaceType></DeviceType><DeviceType ID="93" ObjType="1316803" Name="PAC4200" Webable="1"><GraphLayout BitMapPath="C:\Program Files (x86)\Siemens\Step7\S7data\Nsbmp\GSDML-002A-0B05-PAC.bmp"/><InterfaceType ID="95" ObjType="1316804"><PortType ID="97" ObjType="1316846" WiringTypeRefId="1"/></InterfaceType></DeviceType><DeviceType ID="101" ObjType="1316803" Name="PN-PN-Coupler" Webable="1"><GraphLayout BitMapPath="C:\Program Files (x86)\Siemens\Step7\S7data\Nsbmp\GSDML-002A-0604-PNPNC-02.bmp"/><InterfaceType ID="103" ObjType="1316804"><PortType ID="105" ObjType="1316846" WiringTypeRefId="1"/></InterfaceType></DeviceType></AvailableDeviceTypesStep7><UsedDevicesStep7><Device ID="4" Name="03FBOEH03-ST01-KF0501-1(CPU 317F-3 PN/DP)" DiagHeader="1" ObjID="2" IP="10.164.111.166" DeviceTypeRefId="5" MLFB="6FC5317-2FK14-0ABx" RTClass3Type="RT" SupportRTClass3="1" StationRefId="6" StationPos="2" Station="03FBOEH03CE001" DeviceID="2752769" PNControllerRefId="4" DeviceNo="0" FWVersion="V3.2" Type="CPU 317F-3 PN/DP" SubnetRefId="3" IsInterface="1"><Interface ID="8" Name="CPU 317F-3 PN/DP" ObjID="2" InterfaceTypeRefId="9"><Port ID="10" ObjID="3" Name="Port 1 (X150 P1 R)" SlotNr="1" IsRingCapable="1" PortTypeRefId="11" ConnectionRefId="42"/><Port ID="12" ObjID="4" Name="Port 2 (X150 P2 R)" SlotNr="2" IsRingCapable="1" PortTypeRefId="11"/></Interface></Device><Device ID="6" ObjID="1" Name="03FBOEH03CE001" DeviceTypeRefId="7"><GraphLayout XPos="-385" YPos="-179" IsExpanded="1" IsDeactivated="0"/></Device><Device ID="13" Name="03FBOEH03-ST01-KF0750-1" ObjID="1" IP="10.164.111.169" DeviceTypeRefId="14" MLFB="6ES7155-6AU00-0CN0" IsSharedDevice="1" PrimaryAssignment="1" RTClass3Type="RT" SupportRTClass3="1" Station="03FBOEH03CE001" DeviceID="2753299" SubsystemID="100" DeviceNo="5" FWVersion="V3.3" Type="IM155-6PN-HF-V3.3" SubnetRefId="3" PNControllerRefId="4"><Interface ID="15" Name="03FBOEH03-ST01-KF0750-1" ObjID="2" InterfaceTypeRefId="16"><Port ID="17" ObjID="3" Name="Port 1 RJ45 (X1 P1 R)" SlotNr="1" IsRingCapable="1" PortTypeRefId="18" IsPortAssigned="1" MLFB="6ES7 193-6AR00-0AA0" ConnectionRefId="44"/><Port ID="19" ObjID="4" Name="Port 2 RJ45 (X1 P2 R)" SlotNr="2" IsRingCapable="1" PortTypeRefId="18" IsPortAssigned="1" MLFB="6ES7 193-6AR00-0AA0"/></Interface><GraphLayout XPos="-357" YPos="-133" IsExpanded="1" IsDeactivated="0"/></Device><Device ID="20" Name="03FBOEH03-HPL-MA0604-1" ObjID="116" IP="10.164.111.172" DeviceTypeRefId="21" MLFB="MEP_XFC" Station="03FBOEH03CE001" DeviceID="18819074" SubsystemID="100" DeviceNo="60" FWVersion="V1.0" Type="xFC0x" SubnetRefId="3" PNControllerRefId="4"><Interface ID="22" Name="03FBOEH03-HPL-MA0604-1" ObjID="117" InterfaceTypeRefId="23" SlotNr="0"><Port ID="24" ObjID="119" Name="Port 1 - RJ45 (X1 P1)" SlotNr="1" PortTypeRefId="25" ConnectionRefId="76"/><Port ID="26" ObjID="120" Name="Port 2 - RJ45 (X1 P2)" SlotNr="2" PortTypeRefId="25" ConnectionRefId="69"/></Interface><GraphLayout XPos="-57" YPos="-134" IsExpanded="1" IsDeactivated="0"/></Device><Device ID="27" Name="03FBOEH03-HPL-KF0755-0" ObjID="16" IP="10.164.111.170" DeviceTypeRefId="28" MLFB="6ES7154-4AB10-0AB0" IsSharedDevice="1" PrimaryAssignment="1" RTClass3Type="RT" SupportRTClass3="1" Station="03FBOEH03CE001" DeviceID="2753285" SubsystemID="100" DeviceNo="2" FWVersion="V7.1" Type="IM154-4PN" SubnetRefId="3" PNControllerRefId="4"><Interface ID="29" Name="03FBOEH03-HPL-KF0755-0" ObjID="17" InterfaceTypeRefId="30"><Port ID="31" ObjID="19" Name="Port 1 (X2 P1 R)" SlotNr="1" IsRingCapable="1" PortTypeRefId="32" IsPortAssigned="1" ConnectionRefId="46"/><Port ID="33" ObjID="20" Name="Port 2 (X2 P2 R)" SlotNr="2" IsRingCapable="1" PortTypeRefId="32" IsPortAssigned="1" ConnectionRefId="74"/></Interface><GraphLayout XPos="-222" YPos="-134" IsExpanded="1" IsDeactivated="0"/></Device><Device ID="34" Name="03FBOEH03-ST01-XF0730-1" ObjID="134" IP="10.164.111.165" DeviceTypeRefId="35" MLFB="6GK5216-0BA00-2AC2" Station="03FBOEH03CE001" DeviceID="2755083" SubsystemID="100" DeviceNo="1" FWVersion="V4.1" Type="SCALANCE XC-200" SubnetRefId="3" PNControllerRefId="4"><Interface ID="36" Name="03FBOEH03-ST01-XF0730-1" ObjID="135" InterfaceTypeRefId="37" SlotNr="0"><Port ID="38" ObjID="137" Name="Port 1 - RJ45 (X1 P1)" SlotNr="1" IsRingCapable="1" PortTypeRefId="39"/><Port ID="40" ObjID="138" Name="Port 2 - RJ45 (X1 P2)" SlotNr="2" IsRingCapable="1" PortTypeRefId="39"/><Port ID="41" ObjID="139" Name="Port 3 - RJ45 (X1 P3)" SlotNr="3" IsRingCapable="1" PortTypeRefId="39" ConnectionRefId="42"/><Port ID="43" ObjID="140" Name="Port 4 - RJ45 (X1 P4)" SlotNr="4" IsRingCapable="1" PortTypeRefId="39" ConnectionRefId="44"/><Port ID="45" ObjID="141" Name="Port 5 - RJ45 (X1 P5)" SlotNr="5" IsRingCapable="1" PortTypeRefId="39" ConnectionRefId="46"/><Port ID="47" ObjID="142" Name="Port 6 - RJ45 (X1 P6)" SlotNr="6" IsRingCapable="1" PortTypeRefId="39" ConnectionRefId="98"/><Port ID="48" ObjID="143" Name="Port 7 - RJ45 (X1 P7)" SlotNr="7" IsRingCapable="1" PortTypeRefId="39" ConnectionRefId="91"/><Port ID="49" ObjID="144" Name="Port 8 - RJ45 (X1 P8)" SlotNr="8" IsRingCapable="1" PortTypeRefId="39" ConnectionRefId="64"/><Port ID="50" ObjID="145" Name="Port 9 - RJ45 (X1 P9)" SlotNr="9" IsRingCapable="1" PortTypeRefId="39" ConnectionRefId="106"/><Port ID="51" ObjID="146" Name="Port 10 - RJ45 (X1 P10)" SlotNr="10" IsRingCapable="1" PortTypeRefId="39"/><Port ID="52" ObjID="147" Name="Port 11 - RJ45 (X1 P11)" SlotNr="11" IsRingCapable="1" PortTypeRefId="39"/><Port ID="53" ObjID="148" Name="Port 12 - RJ45 (X1 P12)" SlotNr="12" IsRingCapable="1" PortTypeRefId="39"/><Port ID="54" ObjID="149" Name="Port 13 - RJ45 (X1 P13)" SlotNr="13" IsRingCapable="1" PortTypeRefId="39"/><Port ID="55" ObjID="150" Name="Port 14 - RJ45 (X1 P14)" SlotNr="14" IsRingCapable="1" PortTypeRefId="39"/><Port ID="56" ObjID="151" Name="Port 15 - RJ45 (X1 P15)" SlotNr="15" IsRingCapable="1" PortTypeRefId="39"/><Port ID="57" ObjID="152" Name="Port 16 - RJ45 (X1 P16)" SlotNr="16" IsRingCapable="1" PortTypeRefId="39"/></Interface><GraphLayout XPos="-329" YPos="-271" IsExpanded="1" IsDeactivated="0"/></Device><Device ID="58" Name="03FBOEH03-ST01-CF5001-4" ObjID="241" IP="10.164.111.177" DeviceTypeRefId="59" MLFB="O830Z410009" Station="03FBOEH03CE001" DeviceID="43974657" SubsystemID="100" DeviceNo="3" FWVersion="V3.3" Type="Tool Monitoring" SubnetRefId="3" PNControllerRefId="4"><Interface ID="60" Name="03FBOEH03-ST01-CF5001-4" ObjID="242" InterfaceTypeRefId="61" SlotNr="0"><Port ID="62" ObjID="244" Name="Port 1 (X1 P1)" SlotNr="1" PortTypeRefId="63" ConnectionRefId="64"/><Port ID="65" ObjID="243" Name="Port 2 (X1 P2)" SlotNr="2" PortTypeRefId="63"/></Interface><GraphLayout XPos="-226" YPos="-167" IsExpanded="1" IsDeactivated="0"/></Device><Device ID="66" Name="03FBOEH03-KSS-KF0759-0" ObjID="21" IP="10.164.111.173" DeviceTypeRefId="28" MLFB="6ES7154-4AB10-0AB0" IsSharedDevice="1" PrimaryAssignment="1" RTClass3Type="RT" SupportRTClass3="1" Station="03FBOEH03CE001" DeviceID="2753285" SubsystemID="100" DeviceNo="48" FWVersion="V7.1" Type="IM154-4PN" SubnetRefId="3" PNControllerRefId="4"><Interface ID="67" Name="03FBOEH03-KSS-KF0759-0" ObjID="22" InterfaceTypeRefId="30"><Port ID="68" ObjID="24" Name="Port 1 (X2 P1 R)" SlotNr="1" IsRingCapable="1" PortTypeRefId="32" ConnectionRefId="69" IsPortAssigned="1"/><Port ID="70" ObjID="25" Name="Port 2 (X2 P2 R)" SlotNr="2" IsRingCapable="1" PortTypeRefId="32" IsPortAssigned="1" ConnectionRefId="83"/></Interface><GraphLayout XPos="33" YPos="-132" IsExpanded="1" IsDeactivated="0"/></Device><Device ID="71" Name="03FBOEH03-HPL-KF0757-0" ObjID="11" IP="10.164.111.171" DeviceTypeRefId="28" MLFB="6ES7154-4AB10-0AB0" IsSharedDevice="1" PrimaryAssignment="1" RTClass3Type="RT" SupportRTClass3="1" Station="03FBOEH03CE001" DeviceID="2753285" SubsystemID="100" DeviceNo="39" FWVersion="V7.1" Type="IM154-4PN" SubnetRefId="3" PNControllerRefId="4"><Interface ID="72" Name="03FBOEH03-HPL-KF0757-0" ObjID="12" InterfaceTypeRefId="30"><Port ID="73" ObjID="14" Name="Port 1 (X2 P1 R)" SlotNr="1" IsRingCapable="1" PortTypeRefId="32" ConnectionRefId="74" IsPortAssigned="1"/><Port ID="75" ObjID="15" Name="Port 2 (X2 P2 R)" SlotNr="2" IsRingCapable="1" PortTypeRefId="32" ConnectionRefId="76" IsPortAssigned="1"/></Interface><GraphLayout XPos="-141" YPos="-135" IsExpanded="1" IsDeactivated="0"/></Device><Device ID="77" Name="03FBOEH03-KSS-MA0609-1" ObjID="248" IP="10.164.111.174" DeviceTypeRefId="78" MLFB="ABCC-PRT(2-Port)" Station="03FBOEH03CE001" DeviceID="17563657" SubsystemID="100" DeviceNo="49" FWVersion="V2.7" Type="Anybus CompactCom PRT 2-Port" SubnetRefId="3" PNControllerRefId="4"><Interface ID="79" Name="03FBOEH03-KSS-MA0609-1" ObjID="249" InterfaceTypeRefId="80" SlotNr="0"><Port ID="81" ObjID="251" Name="Port 1 (P1)" SlotNr="1" PortTypeRefId="82" ConnectionRefId="83"/><Port ID="84" ObjID="250" Name="Port 2 (P2)" SlotNr="2" PortTypeRefId="82"/></Interface><GraphLayout XPos="115" YPos="-132" IsExpanded="1" IsDeactivated="0"/></Device><Device ID="85" Name="03FBOEH03-ZP-BX0740-1" ObjID="333" IP="10.164.111.176" DeviceTypeRefId="86" MLFB="DMR-87xx-xx" Station="03FBOEH03CE001" DeviceID="20381701" SubsystemID="100" DeviceNo="21" FWVersion="6.2" Type="Cognex ID Readers" SubnetRefId="3" PNControllerRefId="4"><Interface ID="87" Name="03FBOEH03-ZP-BX0740-1" ObjID="334" InterfaceTypeRefId="88" SlotNr="0"><Port ID="89" ObjID="336" Name="Port 1 (X1 P1)" SlotNr="1" PortTypeRefId="90" ConnectionRefId="91"/></Interface><GraphLayout XPos="-147" YPos="-236" IsExpanded="1" IsDeactivated="0"/></Device><Device ID="92" Name="03FBOEH03-ST01-PG303-1" ObjID="280" IP="10.164.111.175" DeviceTypeRefId="93" RTClass3Type="RT" SupportRTClass3="1" Station="03FBOEH03CE001" DeviceID="2755333" SubsystemID="100" DeviceNo="20" Type="SENTRON" SubnetRefId="3" PNControllerRefId="4"><Interface ID="94" Name="03FBOEH03-ST01-PG303-1" ObjID="281" InterfaceTypeRefId="95" SlotNr="0"><Port ID="96" ObjID="283" Name="Port 1 (X1 P1 R)" SlotNr="1" IsRingCapable="1" PortTypeRefId="97" ConnectionRefId="98"/><Port ID="99" ObjID="284" Name="Port 2 (X1 P2 R)" SlotNr="2" IsRingCapable="1" PortTypeRefId="97"/></Interface><GraphLayout XPos="-227" YPos="-202" IsExpanded="1" IsDeactivated="0"/></Device><Device ID="100" Name="03FBOEH03-AFO010MA-UC" ObjID="290" IP="10.164.111.178" DeviceTypeRefId="101" MLFB="6ES7158-3AD10-0XA0" IsSharedDevice="1" PrimaryAssignment="1" RTClass3Type="RT" SupportRTClass3="1" Station="03FBOEH03CE001" DeviceID="2754052" SubsystemID="100" DeviceNo="22" FWVersion="V4.2" Type="PN/PN Coupler" SubnetRefId="3" PNControllerRefId="4"><Interface ID="102" Name="03FBOEH03-AFO010MA-UC" ObjID="291" InterfaceTypeRefId="103" SlotNr="0"><Port ID="104" ObjID="293" Name="Port 1 (2xRJ45) (X2 P1 R)" SlotNr="1" IsRingCapable="1" PortTypeRefId="105" ConnectionRefId="106" IsPortAssigned="1" MLFB="6ES7 193-6AR00-0AA0"/><Port ID="107" ObjID="294" Name="Port 2 (2xRJ45) (X2 P2 R)" SlotNr="2" IsRingCapable="1" PortTypeRefId="105" IsPortAssigned="1" MLFB="6ES7 193-6AR00-0AA0"/></Interface><GraphLayout XPos="-145" YPos="-270" IsExpanded="1" IsDeactivated="0"/></Device></UsedDevicesStep7><ConnectionList><Connection ID="42" PortToPortLength="0" PortToPortDelay="0"><Comment></Comment></Connection><Connection ID="44" PortToPortLength="0" PortToPortDelay="0"><Comment></Comment></Connection><Connection ID="46" PortToPortLength="0" PortToPortDelay="0"><Comment></Comment></Connection><Connection ID="64" PortToPortLength="0" PortToPortDelay="0"><Comment></Comment></Connection><Connection ID="69" PortToPortLength="0" PortToPortDelay="0"><Comment></Comment></Connection><Connection ID="74" PortToPortLength="100000" PortToPortDelay="600"><Comment></Comment></Connection><Connection ID="76" PortToPortLength="0" PortToPortDelay="0"><Comment></Comment></Connection><Connection ID="83" PortToPortLength="0" PortToPortDelay="0"><Comment></Comment></Connection><Connection ID="91" PortToPortLength="0" PortToPortDelay="0"><Comment></Comment></Connection><Connection ID="98" PortToPortLength="0" PortToPortDelay="0"><Comment></Comment></Connection><Connection ID="106" PortToPortLength="0" PortToPortDelay="0"><Comment></Comment></Connection></ConnectionList><UserSettings><GraphLayout InitialPosLeft="-407" InitialPosRight="225" InitialPosTop="-353" InitialPosBottom="-57" SliderPos="38"/><WindowSettings ShowDeltaList="1" ShowCatalogList="1" InOnlineMode="1" SortedColumn="0" WndPosSize="77;63;1798;938" TableFilter="0" ShowStationName="1" Unit="m" SelectionIDs=""/><WallpaperList/><GroupList/><OptionsSettings MiniatureAndCatalogView="1" StationsAndModuleView="0" NodesListView="0"/><ColumnSettings OfflineColumns="Name;Partner;LengthOffline;Length;SignalTime;Comment;Subnet;IPAddress;" OnlineColumns="Name;State;Partner;LengthOffline;LengthOnline;Damping;Length;SignalTime;Comment;Subnet;IPAddress;"/></UserSettings></Project></TopologieFile>
