<?xml version="1.0" encoding="utf-8"?>
<!-- edited with iMap Step7-ComponentBuilder V3.0 (Siemens AG) -->
<pnc:PROFINETComponent xmlns:pnc="http://www.profibus.com/PROFINET/2005/07/Component" xmlns:sie="http://www.siemens.com/PROFINET/2005/07/ComponentExtension" xmlns:prim="http://www.profibus.com/Common/2003/11/Primitives" xmlns:PNprim="http://www.profibus.com/PROFINET/2005/07/Primitives" xmlns:xsi="http://www.w3.org/2001/XMLSchema-instance" DocumentId="{93FC265E-ED6D-47AC-BE3A-842B5FFE26E1}" Parent="thisFile" Root="thisFile" DefaultLanguage="en" Localization="language_resources.xls">
  <prim:DocumentInfo Version="2.0">
    <!-- Component Description of PROFINET Components, compliant with PNO specifications: Componer Version: V3.0.6.0_2.7.0.1; Step7 Version: K5.5.4.11_8.1.0.1;  -->
    <prim:Created Tool="iMap Step7-ComponentBuilder V3.0.0.0" Timestamp="2020-01-11T10:05:41"/>
    <prim:LastModified Tool="iMap Step7-ComponentBuilder V3.0.0.0" Timestamp="2020-01-11T10:05:41"/>
  </prim:DocumentInfo>
  <pnc:ComponentMaster ID="0">
    <pnc:Info>
      <pnc:ObjName Value="OW05FK7112101P1" MaxLen="24"/>
      <pnc:Release GUID="{5874F49B-8A82-4DA7-87E5-CFA1B9751E8C}" Version="0.0.0.1"/>
      <pnc:Icon>step7component.ico</pnc:Icon>
      <pnc:Documentation></pnc:Documentation>
      <pnc:LangText Value="Kommentar" TextId="100" xml:lang="de"/>
    </pnc:Info>
    <pnc:Copy>*.*</pnc:Copy>
    <pnc:ESObjects>
      <pnc:ESFieldBusDomain>
        <pnc:Info>
          <pnc:ObjName Value="OW05FK7112101P1" MaxLen="240"/>
          <pnc:Release GUID="{ED087288-C6DF-4f21-91A5-F35A2BBD979F}" Version="0.0.0.0"/>
        </pnc:Info>
        <pnc:Facets>
          <pnc:NetNodeAssignmentFacet>
            <pnc:Access>{94221BEF-0B15-46A2-B11A-0C63F5885410}</pnc:Access>
            <pnc:Reserved>{D5885714-EFA0-4E6C-96FF-E49A2C922D18}</pnc:Reserved>
            <pnc:Reserved>{C2084545-3D80-4029-B5E9-9DB01B4627EA}</pnc:Reserved>
            <pnc:Reserved>{52A9082D-EA93-43EA-8621-7CE8A5147E15}</pnc:Reserved>
            <pnc:Reserved>{F103484F-1E63-40FD-8EB1-DD98D228595A}</pnc:Reserved>
            <pnc:Reserved>{E166B316-D682-4FCC-9567-2AF977DAC6F2}</pnc:Reserved>
            <pnc:Reserved>{63F250A8-542D-426A-8E81-065A52018F85}</pnc:Reserved>
            <pnc:Reserved>{E74FE503-1AD3-4EE8-8320-5217FCADDA0B}</pnc:Reserved>
            <pnc:Reserved>{89E4E084-20A3-4355-9898-8AE142746E60}</pnc:Reserved>
          </pnc:NetNodeAssignmentFacet>
        </pnc:Facets>
      </pnc:ESFieldBusDomain>
      <pnc:ESNetNode>
        <pnc:Info>
          <pnc:ObjName Value="OW05FK7112101P1" MaxLen="240"/>
          <pnc:Release GUID="{94221BEF-0B15-46A2-B11A-0C63F5885410}" Version="0.0.0.0"/>
        </pnc:Info>
        <pnc:Address>10.35.158.171;255.255.255.128</pnc:Address>
        <pnc:Facets>
          <pnc:IPNodeFacet/>
          <pnc:CouplerFacet>
            <pnc:PreCanned/>
          </pnc:CouplerFacet>
        </pnc:Facets>
      </pnc:ESNetNode>
      <pnc:ESNetNode>
        <pnc:Info>
          <pnc:ObjName Value="OW05FK711210101" MaxLen="240"/>
          <pnc:Release GUID="{D5885714-EFA0-4E6C-96FF-E49A2C922D18}" Version="0.0.0.0"/>
        </pnc:Info>
        <pnc:Address>10.35.158.173;255.255.255.128;10.35.158.154</pnc:Address>
        <pnc:Facets>
          <pnc:IPNodeFacet/>
          <pnc:CouplerFacet>
            <pnc:PreCanned/>
          </pnc:CouplerFacet>
        </pnc:Facets>
      </pnc:ESNetNode>
      <pnc:ESNetNode>
        <pnc:Info>
          <pnc:ObjName Value="OW05FK711210103" MaxLen="240"/>
          <pnc:Release GUID="{C2084545-3D80-4029-B5E9-9DB01B4627EA}" Version="0.0.0.0"/>
        </pnc:Info>
        <pnc:Address>10.35.158.175;255.255.255.128;10.35.158.156</pnc:Address>
        <pnc:Facets>
          <pnc:IPNodeFacet/>
          <pnc:CouplerFacet>
            <pnc:PreCanned/>
          </pnc:CouplerFacet>
        </pnc:Facets>
      </pnc:ESNetNode>
      <pnc:ESNetNode>
        <pnc:Info>
          <pnc:ObjName Value="OW05FK711210102" MaxLen="240"/>
          <pnc:Release GUID="{52A9082D-EA93-43EA-8621-7CE8A5147E15}" Version="0.0.0.0"/>
        </pnc:Info>
        <pnc:Address>10.35.158.174;255.255.255.128;10.35.158.155</pnc:Address>
        <pnc:Facets>
          <pnc:IPNodeFacet/>
          <pnc:CouplerFacet>
            <pnc:PreCanned/>
          </pnc:CouplerFacet>
        </pnc:Facets>
      </pnc:ESNetNode>
      <pnc:ESNetNode>
        <pnc:Info>
          <pnc:ObjName Value="OW05FK711210105" MaxLen="240"/>
          <pnc:Release GUID="{F103484F-1E63-40FD-8EB1-DD98D228595A}" Version="0.0.0.0"/>
        </pnc:Info>
        <pnc:Address>10.35.158.177;255.255.255.128;10.35.158.182</pnc:Address>
        <pnc:Facets>
          <pnc:IPNodeFacet/>
          <pnc:CouplerFacet>
            <pnc:PreCanned/>
          </pnc:CouplerFacet>
        </pnc:Facets>
      </pnc:ESNetNode>
      <pnc:ESNetNode>
        <pnc:Info>
          <pnc:ObjName Value="OW05FK711210104" MaxLen="240"/>
          <pnc:Release GUID="{E166B316-D682-4FCC-9567-2AF977DAC6F2}" Version="0.0.0.0"/>
        </pnc:Info>
        <pnc:Address>10.35.158.176;255.255.255.128;10.35.158.158</pnc:Address>
        <pnc:Facets>
          <pnc:IPNodeFacet/>
          <pnc:CouplerFacet>
            <pnc:PreCanned/>
          </pnc:CouplerFacet>
        </pnc:Facets>
      </pnc:ESNetNode>
      <pnc:ESNetNode>
        <pnc:Info>
          <pnc:ObjName Value="OW05FK7112101S1" MaxLen="240"/>
          <pnc:Release GUID="{63F250A8-542D-426A-8E81-065A52018F85}" Version="0.0.0.0"/>
        </pnc:Info>
        <pnc:Address>10.35.158.168;255.255.255.128;10.35.158.149</pnc:Address>
        <pnc:Facets>
          <pnc:IPNodeFacet/>
          <pnc:CouplerFacet>
            <pnc:PreCanned/>
          </pnc:CouplerFacet>
        </pnc:Facets>
      </pnc:ESNetNode>
      <pnc:ESNetNode>
        <pnc:Info>
          <pnc:ObjName Value="OW05FK711210107" MaxLen="240"/>
          <pnc:Release GUID="{E74FE503-1AD3-4EE8-8320-5217FCADDA0B}" Version="0.0.0.0"/>
        </pnc:Info>
        <pnc:Address>10.35.158.179;255.255.255.128;10.35.158.172</pnc:Address>
        <pnc:Facets>
          <pnc:IPNodeFacet/>
          <pnc:CouplerFacet>
            <pnc:PreCanned/>
          </pnc:CouplerFacet>
        </pnc:Facets>
      </pnc:ESNetNode>
      <pnc:ESNetNode>
        <pnc:Info>
          <pnc:ObjName Value="OW05FK711210106" MaxLen="240"/>
          <pnc:Release GUID="{89E4E084-20A3-4355-9898-8AE142746E60}" Version="0.0.0.0"/>
        </pnc:Info>
        <pnc:Address>10.35.158.178;255.255.255.128;10.35.158.180</pnc:Address>
        <pnc:Facets>
          <pnc:IPNodeFacet/>
          <pnc:CouplerFacet>
            <pnc:PreCanned/>
          </pnc:CouplerFacet>
        </pnc:Facets>
      </pnc:ESNetNode>
      <pnc:ESPDevice>
        <pnc:Info>
          <pnc:ObjName Value="OW05FK7112101P1" MaxLen="24"/>
          <pnc:Release GUID="{885CDFE3-CB0C-4DD2-A983-E6FCBC82DF78}" Version="0.0.0.0"/>
        </pnc:Info>
        <pnc:Facets>
          <pnc:NetNodeAssignmentFacet>
            <pnc:Access>{94221BEF-0B15-46A2-B11A-0C63F5885410}</pnc:Access>
          </pnc:NetNodeAssignmentFacet>
          <pnc:LDevAssignmentFacet>
            <pnc:LDevice>{C857A3DC-10E2-4F48-8AFD-4A0F867D007D}</pnc:LDevice>
          </pnc:LDevAssignmentFacet>
          <pnc:CouplerFacet>
            <pnc:PreCanned/>
          </pnc:CouplerFacet>
        </pnc:Facets>
      </pnc:ESPDevice>
      <pnc:ESLDevice>
        <pnc:Info>
          <pnc:ObjName Value="OW05FK7112101P1" MaxLen="24"/>
            <pnc:Producer>
              <pnc:Company Value="SIEMENS AG"/>
              <pnc:ItemID Value="6FC5 317-2FK14-0ABx"/>
            </pnc:Producer>
          <pnc:Release GUID="{C857A3DC-10E2-4F48-8AFD-4A0F867D007D}" Version="0.0.0.0"/>
          <pnc:Icon>step7device.ico</pnc:Icon>
          <pnc:Documentation></pnc:Documentation>
        </pnc:Info>
        <pnc:Facets>
          <pnc:PDevAssignmentFacet>
            <pnc:PDevice>{885CDFE3-CB0C-4DD2-A983-E6FCBC82DF78}</pnc:PDevice>
          </pnc:PDevAssignmentFacet>
          <pnc:ApplicationFacet>
            <pnc:PNRuntimeSource>2.3.0.0</pnc:PNRuntimeSource>
            <pnc:PerformanceCharacteristics CountLDevs="33" CountRTAutos="50" MaxSizeConnector="1400" CountProperties="3000" CountRemotePartners="0" CountPartnerAccos="32" CountAccoPairs="386" SizeTypeDescription="60000" SizeConsConnectors="24000" SizeProvConnectors="24000" CountConstants="1500" SizeConstants="24000" CountLocalConnections="1000" SizeLocalConnections="8000" CountLDevs_2="33" CountRTAutos_2="50" MaxSizeConnector_2="1400" CountProperties_2="3000" CountRemotePartners_2="0" CountPartnerAccos_2="32" CountAccoPairs_2="386" SizeTypeDescription_2="60000" SizeConsConnectors_2="24000" SizeProvConnectors_2="24000" CountConstants_2="1500" SizeConstants_2="24000" CountLocalConnections_2="1000" SizeLocalConnections_2="8000">
              <pnc:DCOMPerformance MinQoSDCOM="500" CountDCOMConsConnections="100" CountDCOMProvConnections="100" SizeDCOMConsConnections="3200" SizeDCOMProvConnections="3200" DCOMFastConnsFraction="50" DCOMMediumConnsFraction="50" DCOMSlowConnsFraction="0" MinQoSDCOM_2="500" CountDCOMConsConnections_2="100" CountDCOMProvConnections_2="100" SizeDCOMConsConnections_2="3200" SizeDCOMProvConnections_2="3200" DCOMFastConnsFraction_2="50" DCOMMediumConnsFraction_2="50" DCOMSlowConnsFraction_2="0"/>
              <pnc:RTPerformance MinQoSRT="10" CountRTConsConnections="300" CountRTProvConnections="300" SizeRTConsConnections="4800" SizeRTProvConnections="4800" CountRTConsFrames="127" CountRTProvFrames="127" CountRTFramesPerMinQoS="512" CountRTBytesPerMinQoS="32640" MaxSizeRTConnection="450" MinQoSRT_2="10" CountRTConsConnections_2="300" CountRTProvConnections_2="300" SizeRTConsConnections_2="4800" SizeRTProvConnections_2="4800" CountRTConsFrames_2="127" CountRTProvFrames_2="127" CountRTFramesPerMinQoS_2="512" CountRTBytesPerMinQoS_2="32640" MaxSizeRTConnection_2="450" RTPhaseMask="AA" RTCycleBaseFactor="32" MaxQoSRT="1000"/>
            </pnc:PerformanceCharacteristics>
          </pnc:ApplicationFacet>
          <pnc:FieldBusControllerFacet>
            <pnc:Domain>{ED087288-C6DF-4f21-91A5-F35A2BBD979F}</pnc:Domain>
          </pnc:FieldBusControllerFacet>
          <pnc:ConnectionDownloadFacet>
            <pnc:Auto>{7AD7CE1A-4114-4547-A56B-75A522E09052}</pnc:Auto>
            <pnc:Auto>{506CD587-3E6E-499F-9371-0C39EBF23DBB}</pnc:Auto>
            <pnc:Auto>{434EEAAC-4C8D-484C-BEFC-C1CEBC4E812C}</pnc:Auto>
            <pnc:Auto>{E49473A3-A20C-4912-829D-51CFDEBEDB03}</pnc:Auto>
          </pnc:ConnectionDownloadFacet>
          <pnc:ProgramDownloadFacet>
            <pnc:Auto>{7AD7CE1A-4114-4547-A56B-75A522E09052}</pnc:Auto>
            <pnc:Auto>{506CD587-3E6E-499F-9371-0C39EBF23DBB}</pnc:Auto>
            <pnc:Auto>{434EEAAC-4C8D-484C-BEFC-C1CEBC4E812C}</pnc:Auto>
            <pnc:Auto>{E49473A3-A20C-4912-829D-51CFDEBEDB03}</pnc:Auto>
          </pnc:ProgramDownloadFacet>
          <pnc:DiagnosisFacet/>
          <pnc:CouplerFacet>
            <pnc:PreCanned/>
          </pnc:CouplerFacet>
        </pnc:Facets>
        <pnc:VendorData>
          <pnc:PreCannedDataItem Name="SIMATIC Manager" Command="S7tgtopx.exe /e &#x22;C:\Program Files (x86)\Siemens\Step7\S7Proj\AFO112_251_004\AFO112_2.s7p&#x22;"/>
        </pnc:VendorData>
      </pnc:ESLDevice>
      <pnc:ESAuto>
        <pnc:Info>
          <pnc:ObjName Value="AFO112_CBA_Recv" MaxLen="24"/>
          <pnc:Release GUID="{7AD7CE1A-4114-4547-A56B-75A522E09052}" Version="0.1.0.0"/>
          <pnc:Icon>Step7Function.ico</pnc:Icon>
          <pnc:Documentation></pnc:Documentation>
        </pnc:Info>
        <pnc:Facets>
          <pnc:LDevAssignmentFacet>
            <pnc:LDevice>{C857A3DC-10E2-4F48-8AFD-4A0F867D007D}</pnc:LDevice>
          </pnc:LDevAssignmentFacet>
          <pnc:DiagnosisFacet/>
          <pnc:CouplerFacet>
            <pnc:PreCanned/>
          </pnc:CouplerFacet>
          <pnc:InterfaceFacet>
            <pnc:Interfaces>
              <pnc:Interface Name="DefaultIF" IID="{938FCA37-5654-4EEF-8F4D-F623A7BCF955}">
                <pnc:Connector Name="DB_Portal_Masch_Allg_BDE" Direction="In" Restricted="hmi_only">
                  <pnc:TType>{00000000-0000-0000-0000-000000000000}</pnc:TType>
                  <pnc:LangText Value="Laderschnittstelle Portal zu Maschine Allgemein BDE" TextId="101" xml:lang="de"/>
                  <pnc:VendorData>
                    <sie:S7Param Value="25 547 0 0 0 -1 0 0 16 -1"/>
                  </pnc:VendorData>
                  <pnc:Array>
                <pnc:Dimensions>36</pnc:Dimensions>
                <pnc:UI1/>
                  </pnc:Array>
                </pnc:Connector>
                <pnc:Connector Name="DB_Portal_Masch_PWA_WS1" Direction="In" Restricted="hmi_only">
                  <pnc:TType>{00000000-0000-0000-0000-000000000000}</pnc:TType>
                  <pnc:LangText Value="Laderschnittstelle Portal zu Maschine PWA Werkstück 1" TextId="102" xml:lang="de"/>
                  <pnc:VendorData>
                    <sie:S7Param Value="25 547 36 0 0 -1 0 0 16 -1"/>
                  </pnc:VendorData>
                  <pnc:Array>
                <pnc:Dimensions>128</pnc:Dimensions>
                <pnc:UI1/>
                  </pnc:Array>
                </pnc:Connector>
                <pnc:Connector Name="DB_Portal_Masch_PWA_WS2" Direction="In" Restricted="hmi_only">
                  <pnc:TType>{00000000-0000-0000-0000-000000000000}</pnc:TType>
                  <pnc:LangText Value="Laderschnittstelle Portal zu Maschine PWA Werkstück 2" TextId="103" xml:lang="de"/>
                  <pnc:VendorData>
                    <sie:S7Param Value="25 547 164 0 0 -1 0 0 16 -1"/>
                  </pnc:VendorData>
                  <pnc:Array>
                <pnc:Dimensions>128</pnc:Dimensions>
                <pnc:UI1/>
                  </pnc:Array>
                </pnc:Connector>
                <pnc:Connector Name="Lifestate" Direction="Out">
                  <pnc:TType>{00000000-0000-0000-0000-000000000000}</pnc:TType>
                  <pnc:VendorData>
                <sie:S7Param Lifestate="true" Value="1"/>
                  </pnc:VendorData>
                  <pnc:UI1/>
                </pnc:Connector>
              </pnc:Interface>
            </pnc:Interfaces>
          </pnc:InterfaceFacet>
        </pnc:Facets>
        <pnc:VendorData>
          <pnc:PreCannedDataItem Name="SIMATIC Manager" Command="S7tgtopx.exe /e &#x22;C:\Program Files (x86)\Siemens\Step7\S7Proj\AFO112_251_004\AFO112_2.s7p&#x22;"/>
        </pnc:VendorData>
      </pnc:ESAuto>
      <pnc:ESAuto>
        <pnc:Info>
          <pnc:ObjName Value="AFO112_CBA_Send" MaxLen="24"/>
          <pnc:Release GUID="{506CD587-3E6E-499F-9371-0C39EBF23DBB}" Version="0.1.0.0"/>
          <pnc:Icon>Step7Function.ico</pnc:Icon>
          <pnc:Documentation></pnc:Documentation>
        </pnc:Info>
        <pnc:Facets>
          <pnc:LDevAssignmentFacet>
            <pnc:LDevice>{C857A3DC-10E2-4F48-8AFD-4A0F867D007D}</pnc:LDevice>
          </pnc:LDevAssignmentFacet>
          <pnc:DiagnosisFacet/>
          <pnc:CouplerFacet>
            <pnc:PreCanned/>
          </pnc:CouplerFacet>
          <pnc:InterfaceFacet>
            <pnc:Interfaces>
              <pnc:Interface Name="DefaultIF" IID="{5401CCDB-A66B-4882-9F70-340CEAB71236}">
                <pnc:Connector Name="DB_Masch_Portal_Allg_BDE" Direction="Out" Restricted="hmi_only">
                  <pnc:TType>{00000000-0000-0000-0000-000000000000}</pnc:TType>
                  <pnc:LangText Value="Laderschnittstelle Portal zu Maschine Allgemein BDE" TextId="104" xml:lang="de"/>
                  <pnc:VendorData>
                    <sie:S7Param Value="25 548 0 0 0 -1 0 0 16 -1"/>
                  </pnc:VendorData>
                  <pnc:Array>
                <pnc:Dimensions>36</pnc:Dimensions>
                <pnc:UI1/>
                  </pnc:Array>
                </pnc:Connector>
                <pnc:Connector Name="DB_Masch_Portal_PWA_WS1" Direction="Out" Restricted="hmi_only">
                  <pnc:TType>{00000000-0000-0000-0000-000000000000}</pnc:TType>
                  <pnc:LangText Value="Laderschnittstelle Maschine zu Portal PWA Werkstück 1" TextId="105" xml:lang="de"/>
                  <pnc:VendorData>
                    <sie:S7Param Value="25 548 36 0 0 -1 0 0 16 -1"/>
                  </pnc:VendorData>
                  <pnc:Array>
                <pnc:Dimensions>128</pnc:Dimensions>
                <pnc:UI1/>
                  </pnc:Array>
                </pnc:Connector>
                <pnc:Connector Name="DB_Masch_Portal_PWA_WS2" Direction="Out" Restricted="hmi_only">
                  <pnc:TType>{00000000-0000-0000-0000-000000000000}</pnc:TType>
                  <pnc:LangText Value="Laderschnittstelle Maschine zu Portal PWA Werkstück 2" TextId="106" xml:lang="de"/>
                  <pnc:VendorData>
                    <sie:S7Param Value="25 548 164 0 0 -1 0 0 16 -1"/>
                  </pnc:VendorData>
                  <pnc:Array>
                <pnc:Dimensions>128</pnc:Dimensions>
                <pnc:UI1/>
                  </pnc:Array>
                </pnc:Connector>
                <pnc:Connector Name="Lifestate" Direction="Out">
                  <pnc:TType>{00000000-0000-0000-0000-000000000000}</pnc:TType>
                  <pnc:VendorData>
                <sie:S7Param Lifestate="true" Value="1"/>
                  </pnc:VendorData>
                  <pnc:UI1/>
                </pnc:Connector>
              </pnc:Interface>
            </pnc:Interfaces>
          </pnc:InterfaceFacet>
        </pnc:Facets>
        <pnc:VendorData>
          <pnc:PreCannedDataItem Name="SIMATIC Manager" Command="S7tgtopx.exe /e &#x22;C:\Program Files (x86)\Siemens\Step7\S7Proj\AFO112_251_004\AFO112_2.s7p&#x22;"/>
        </pnc:VendorData>
      </pnc:ESAuto>
      <pnc:ESAuto>
        <pnc:Info>
          <pnc:ObjName Value="AFO112_CBA_Recv_Gauge" MaxLen="24"/>
          <pnc:Release GUID="{434EEAAC-4C8D-484C-BEFC-C1CEBC4E812C}" Version="0.1.0.0"/>
          <pnc:Icon>Step7Function.ico</pnc:Icon>
          <pnc:Documentation></pnc:Documentation>
        </pnc:Info>
        <pnc:Facets>
          <pnc:LDevAssignmentFacet>
            <pnc:LDevice>{C857A3DC-10E2-4F48-8AFD-4A0F867D007D}</pnc:LDevice>
          </pnc:LDevAssignmentFacet>
          <pnc:DiagnosisFacet/>
          <pnc:CouplerFacet>
            <pnc:PreCanned/>
          </pnc:CouplerFacet>
          <pnc:InterfaceFacet>
            <pnc:Interfaces>
              <pnc:Interface Name="DefaultIF" IID="{D636165F-8A5A-490C-B3CE-D838B4FCF2B3}">
                <pnc:Connector Name="DB_GaugeToMachRec" Direction="In" Restricted="hmi_only">
                  <pnc:TType>{00000000-0000-0000-0000-000000000000}</pnc:TType>
                  <pnc:LangText Value="CBA Data block interface signals &quot;Gauge to Tool Machine&quot;" TextId="107" xml:lang="de"/>
                  <pnc:VendorData>
                    <sie:S7Param Value="25 706 0 0 0 -1 0 0 16 -1"/>
                  </pnc:VendorData>
                  <pnc:Array>
                <pnc:Dimensions>2</pnc:Dimensions>
                <pnc:UI1/>
                  </pnc:Array>
                </pnc:Connector>
                <pnc:Connector Name="Lifestate" Direction="Out">
                  <pnc:TType>{00000000-0000-0000-0000-000000000000}</pnc:TType>
                  <pnc:VendorData>
                <sie:S7Param Lifestate="true" Value="1"/>
                  </pnc:VendorData>
                  <pnc:UI1/>
                </pnc:Connector>
              </pnc:Interface>
            </pnc:Interfaces>
          </pnc:InterfaceFacet>
        </pnc:Facets>
        <pnc:VendorData>
          <pnc:PreCannedDataItem Name="SIMATIC Manager" Command="S7tgtopx.exe /e &#x22;C:\Program Files (x86)\Siemens\Step7\S7Proj\AFO112_251_004\AFO112_2.s7p&#x22;"/>
        </pnc:VendorData>
      </pnc:ESAuto>
      <pnc:ESAuto>
        <pnc:Info>
          <pnc:ObjName Value="AFO112_CBA_Send_Gauge" MaxLen="24"/>
          <pnc:Release GUID="{E49473A3-A20C-4912-829D-51CFDEBEDB03}" Version="0.1.0.0"/>
          <pnc:Icon>Step7Function.ico</pnc:Icon>
          <pnc:Documentation></pnc:Documentation>
        </pnc:Info>
        <pnc:Facets>
          <pnc:LDevAssignmentFacet>
            <pnc:LDevice>{C857A3DC-10E2-4F48-8AFD-4A0F867D007D}</pnc:LDevice>
          </pnc:LDevAssignmentFacet>
          <pnc:DiagnosisFacet/>
          <pnc:CouplerFacet>
            <pnc:PreCanned/>
          </pnc:CouplerFacet>
          <pnc:InterfaceFacet>
            <pnc:Interfaces>
              <pnc:Interface Name="DefaultIF" IID="{69CBF5A9-86FC-42EA-90BC-893EA6C1F588}">
                <pnc:Connector Name="DB_MaToGaug_Send" Direction="Out" Restricted="hmi_only">
                  <pnc:TType>{00000000-0000-0000-0000-000000000000}</pnc:TType>
                  <pnc:LangText Value="CBA Data block interface signals &quot;Tool Machine to Gauge&quot;" TextId="108" xml:lang="de"/>
                  <pnc:VendorData>
                    <sie:S7Param Value="25 708 0 0 0 -1 0 0 16 -1"/>
                  </pnc:VendorData>
                  <pnc:Array>
                <pnc:Dimensions>2</pnc:Dimensions>
                <pnc:UI1/>
                  </pnc:Array>
                </pnc:Connector>
                <pnc:Connector Name="Lifestate" Direction="Out">
                  <pnc:TType>{00000000-0000-0000-0000-000000000000}</pnc:TType>
                  <pnc:VendorData>
                <sie:S7Param Lifestate="true" Value="1"/>
                  </pnc:VendorData>
                  <pnc:UI1/>
                </pnc:Connector>
              </pnc:Interface>
            </pnc:Interfaces>
          </pnc:InterfaceFacet>
        </pnc:Facets>
        <pnc:VendorData>
          <pnc:PreCannedDataItem Name="SIMATIC Manager" Command="S7tgtopx.exe /e &#x22;C:\Program Files (x86)\Siemens\Step7\S7Proj\AFO112_251_004\AFO112_2.s7p&#x22;"/>
        </pnc:VendorData>
      </pnc:ESAuto>
    </pnc:ESObjects>
  </pnc:ComponentMaster>
</pnc:PROFINETComponent>
