<TopologieFile Version="V5.6 + SP2 + HF6" NextFreeID="122"><WiringTypes><WiringType ID="1" Class="0" Name="Kupfer"/><WiringType ID="112" Name="Lichtwellenleiter" Class="54"/><WiringType ID="113" Name="Lichtwellenleiter" Class="5"/><WiringType ID="114" Name="Lichtwellenleiter" Class="26"/><WiringType ID="115" Name="Lichtwellenleiter" Class="1"/><WiringType ID="116" Name="Lichtwellenleiter" Class="10"/><WiringType ID="117" Name="Lichtwellenleiter" Class="18"/><WiringType ID="118" Name="Lichtwellenleiter" Class="13"/><WiringType ID="119" Name="Lichtwellenleiter" Class="46"/><WiringType ID="120" Name="Lichtwellenleiter" Class="24"/><WiringType ID="121" Name="Lichtwellenleiter" Class="99"/></WiringTypes><Project ID="2" Name="AFO010_Ma" ProjPath="D:\#100289 BMW Berlin\AFO010_Maschine\PLC\AFO010_Ma" EnvID="508" EnvType="1122305"><AvailableSubnetsStep7><Subnet ID="3" Name="Ethernet(1)"/></AvailableSubnetsStep7><AvailableDeviceTypesStep7><DeviceType ID="5" ObjType="19798481" Name="CPU 317F-3 PN/DP" Webable="1"><InterfaceType ID="9" ObjType="19798491"><PortType ID="11" ObjType="19798480" WiringTypeRefId="1"/></InterfaceType></DeviceType><DeviceType ID="7" ObjType="1314969"><GraphLayout BitMapPath="SIMATIC300.bmp"/></DeviceType><DeviceType ID="14" ObjType="19798373" Name="CP 840D sl" Webable="1"/><DeviceType ID="18" ObjType="2365433" Name="IM155-6PN-HF-V3.3" Webable="1"><GraphLayout BitMapPath="C:\Program Files (x86)\Siemens\Step7\S7data\Nsbmp\GSDML-002A-0313-ET200SP-03.BMP"/><InterfaceType ID="20" ObjType="2365434"><PortType ID="22" ObjType="2365184" WiringTypeRefId="1"/></InterfaceType></DeviceType><DeviceType ID="25" ObjType="1316803" Name="axis" Webable="1"><GraphLayout BitMapPath="C:\Program Files (x86)\Siemens\Step7\S7data\Nsbmp\GSDML-011F-2802-xFC0x.bmp"/><InterfaceType ID="27" ObjType="1316804"><PortType ID="29" ObjType="1316846" WiringTypeRefId="1"/></InterfaceType></DeviceType><DeviceType ID="32" ObjType="2365298" Name="IM154-4PN" Webable="1"><GraphLayout BitMapPath="C:\Program Files (x86)\Siemens\Step7\S7data\Nsbmp\ET200pro_f.BMP"/><InterfaceType ID="34" ObjType="2365299"><PortType ID="36" ObjType="2365301" WiringTypeRefId="1"/></InterfaceType></DeviceType><DeviceType ID="39" ObjType="1316803" Name="SCALANCE-XC216" Webable="1"><GraphLayout BitMapPath="C:\Program Files (x86)\Siemens\Step7\S7data\Nsbmp\GSDML-002A-0A0B-SCALANCEXC216.bmp"/><InterfaceType ID="41" ObjType="1316804"><PortType ID="43" ObjType="1316846" WiringTypeRefId="1"/></InterfaceType></DeviceType><DeviceType ID="63" ObjType="1316803" Name="artisctm" Webable="1"><GraphLayout BitMapPath="C:\Program Files (x86)\Siemens\Step7\S7data\Nsbmp\GSDML-029F-0001-ARTIS-CTM.bmp"/><InterfaceType ID="65" ObjType="1316804"><PortType ID="67" ObjType="1316846" WiringTypeRefId="1"/></InterfaceType></DeviceType><DeviceType ID="82" ObjType="1316803" Name="ABCC-PRT-2-Port" Webable="1"><GraphLayout BitMapPath="C:\Program Files (x86)\Siemens\Step7\S7data\Nsbmp\GSDML-010C-0009-ABCC-PRT2P.bmp"/><InterfaceType ID="84" ObjType="1316804"><PortType ID="86" ObjType="1316846" WiringTypeRefId="1"/></InterfaceType></DeviceType><DeviceType ID="90" ObjType="1316803" Name="PAC4200" Webable="1"><GraphLayout BitMapPath="C:\Program Files (x86)\Siemens\Step7\S7data\Nsbmp\GSDML-002A-0B05-PAC.bmp"/><InterfaceType ID="92" ObjType="1316804"><PortType ID="94" ObjType="1316846" WiringTypeRefId="1"/></InterfaceType></DeviceType><DeviceType ID="98" ObjType="1316803" Name="PN-PN-Coupler" Webable="1"><GraphLayout BitMapPath="C:\Program Files (x86)\Siemens\Step7\S7data\Nsbmp\GSDML-002A-0604-PNPNC-02.bmp"/><InterfaceType ID="100" ObjType="1316804"><PortType ID="102" ObjType="1316846" WiringTypeRefId="1"/></InterfaceType></DeviceType><DeviceType ID="106" ObjType="1316803" Name="DataMan" Webable="1"><GraphLayout BitMapPath="C:\Program Files (x86)\Siemens\Step7\S7data\Nsbmp\GSDML-0137-0005-DataMan8000.bmp"/><InterfaceType ID="108" ObjType="1316804"><PortType ID="110" ObjType="1316846" WiringTypeRefId="1"/></InterfaceType></DeviceType></AvailableDeviceTypesStep7><UsedDevicesStep7><Device ID="4" Name="ST01-KF0501-1(CPU 317F-3 PN/DP)" DiagHeader="1" ObjID="2" IP="10.164.111.168" DeviceTypeRefId="5" MLFB="6FC5317-2FK14-0ABx" RTClass3Type="RT" SupportRTClass3="1" StationRefId="6" StationPos="2" Station="03FBOEH03PLC" DeviceID="2752769" PNControllerRefId="4" DeviceNo="0" FWVersion="V3.2" Type="CPU 317F-3 PN/DP" SubnetRefId="3" IsInterface="1"><Interface ID="8" Name="CPU 317F-3 PN/DP" ObjID="2" InterfaceTypeRefId="9"><Port ID="10" ObjID="3" Name="Port 1 (X150 P1 R)" SlotNr="1" IsRingCapable="1" PortTypeRefId="11" ConnectionRefId="46"/><Port ID="12" ObjID="4" Name="Port 2 (X150 P2 R)" SlotNr="2" IsRingCapable="1" PortTypeRefId="11"/></Interface></Device><Device ID="6" ObjID="1" Name="03FBOEH03PLC" DeviceTypeRefId="7"><GraphLayout XPos="-385" YPos="-179" IsExpanded="1" IsDeactivated="0"/></Device><Device ID="13" Name="CP 840D sl" ObjID="5" IP="10.164.111.166" DeviceTypeRefId="14" StationRefId="6" StationPos="5" Station="03FBOEH03PLC" DeviceID="0" DeviceNo="0" FWVersion="V1.0" SubnetRefId="3"><Interface ID="15"><Port ID="16" Name="Default Port" WiringTypeRefId="1" SlotNr="1"/></Interface></Device><Device ID="17" Name="ST01-KF0750-1" ObjID="1" IP="10.164.111.169" DeviceTypeRefId="18" MLFB="6ES7155-6AU00-0CN0" IsSharedDevice="1" PrimaryAssignment="1" RTClass3Type="RT" SupportRTClass3="1" Station="03FBOEH03PLC" DeviceID="2753299" SubsystemID="100" DeviceNo="5" FWVersion="V3.3" Type="IM155-6PN-HF-V3.3" SubnetRefId="3" PNControllerRefId="4"><Interface ID="19" Name="ST01-KF0750-1" ObjID="2" InterfaceTypeRefId="20"><Port ID="21" ObjID="3" Name="Port 1 RJ45 (X1 P1 R)" SlotNr="1" IsRingCapable="1" PortTypeRefId="22" IsPortAssigned="1" MLFB="6ES7 193-6AR00-0AA0" ConnectionRefId="48"/><Port ID="23" ObjID="4" Name="Port 2 RJ45 (X1 P2 R)" SlotNr="2" IsRingCapable="1" PortTypeRefId="22" IsPortAssigned="1" MLFB="6ES7 193-6AR00-0AA0"/></Interface><GraphLayout XPos="-357" YPos="-133" IsExpanded="1" IsDeactivated="0"/></Device><Device ID="24" Name="HPL-MA0604-1" ObjID="116" IP="10.164.111.172" DeviceTypeRefId="25" MLFB="MEP_XFC" Station="03FBOEH03PLC" DeviceID="18819074" SubsystemID="100" DeviceNo="60" FWVersion="V1.0" Type="xFC0x" SubnetRefId="3" PNControllerRefId="4"><Interface ID="26" Name="HPL-MA0604-1" ObjID="117" InterfaceTypeRefId="27" SlotNr="0"><Port ID="28" ObjID="119" Name="Port 1 - RJ45 (X1 P1)" SlotNr="1" PortTypeRefId="29" ConnectionRefId="80"/><Port ID="30" ObjID="120" Name="Port 2 - RJ45 (X1 P2)" SlotNr="2" PortTypeRefId="29" ConnectionRefId="73"/></Interface><GraphLayout XPos="-57" YPos="-134" IsExpanded="1" IsDeactivated="0"/></Device><Device ID="31" Name="HPL-KF0755-0" ObjID="16" IP="10.164.111.170" DeviceTypeRefId="32" MLFB="6ES7154-4AB10-0AB0" IsSharedDevice="1" PrimaryAssignment="1" RTClass3Type="RT" SupportRTClass3="1" Station="03FBOEH03PLC" DeviceID="2753285" SubsystemID="100" DeviceNo="2" FWVersion="V7.1" Type="IM154-4PN" SubnetRefId="3" PNControllerRefId="4"><Interface ID="33" Name="HPL-KF0755-0" ObjID="17" InterfaceTypeRefId="34"><Port ID="35" ObjID="19" Name="Port 1 (X2 P1 R)" SlotNr="1" IsRingCapable="1" PortTypeRefId="36" IsPortAssigned="1" ConnectionRefId="50"/><Port ID="37" ObjID="20" Name="Port 2 (X2 P2 R)" SlotNr="2" IsRingCapable="1" PortTypeRefId="36" IsPortAssigned="1" ConnectionRefId="78"/></Interface><GraphLayout XPos="-222" YPos="-134" IsExpanded="1" IsDeactivated="0"/></Device><Device ID="38" Name="ST01-XF0730-1" ObjID="134" IP="10.164.111.165" DeviceTypeRefId="39" MLFB="6GK5216-0BA00-2AC2" Station="03FBOEH03PLC" DeviceID="2755083" SubsystemID="100" DeviceNo="1" FWVersion="V4.1" Type="SCALANCE XC-200" SubnetRefId="3" PNControllerRefId="4"><Interface ID="40" Name="ST01-XF0730-1" ObjID="135" InterfaceTypeRefId="41" SlotNr="0"><Port ID="42" ObjID="137" Name="Port 1 - RJ45 (X1 P1)" SlotNr="1" IsRingCapable="1" PortTypeRefId="43"/><Port ID="44" ObjID="138" Name="Port 2 - RJ45 (X1 P2)" SlotNr="2" IsRingCapable="1" PortTypeRefId="43"/><Port ID="45" ObjID="139" Name="Port 3 - RJ45 (X1 P3)" SlotNr="3" IsRingCapable="1" PortTypeRefId="43" ConnectionRefId="46"/><Port ID="47" ObjID="140" Name="Port 4 - RJ45 (X1 P4)" SlotNr="4" IsRingCapable="1" PortTypeRefId="43" ConnectionRefId="48"/><Port ID="49" ObjID="141" Name="Port 5 - RJ45 (X1 P5)" SlotNr="5" IsRingCapable="1" PortTypeRefId="43" ConnectionRefId="50"/><Port ID="51" ObjID="142" Name="Port 6 - RJ45 (X1 P6)" SlotNr="6" IsRingCapable="1" PortTypeRefId="43" ConnectionRefId="95"/><Port ID="52" ObjID="143" Name="Port 7 - RJ45 (X1 P7)" SlotNr="7" IsRingCapable="1" PortTypeRefId="43" ConnectionRefId="111"/><Port ID="53" ObjID="144" Name="Port 8 - RJ45 (X1 P8)" SlotNr="8" IsRingCapable="1" PortTypeRefId="43" ConnectionRefId="68"/><Port ID="54" ObjID="145" Name="Port 9 - RJ45 (X1 P9)" SlotNr="9" IsRingCapable="1" PortTypeRefId="43" ConnectionRefId="103"/><Port ID="55" ObjID="146" Name="Port 10 - RJ45 (X1 P10)" SlotNr="10" IsRingCapable="1" PortTypeRefId="43"/><Port ID="56" ObjID="147" Name="Port 11 - RJ45 (X1 P11)" SlotNr="11" IsRingCapable="1" PortTypeRefId="43"/><Port ID="57" ObjID="148" Name="Port 12 - RJ45 (X1 P12)" SlotNr="12" IsRingCapable="1" PortTypeRefId="43"/><Port ID="58" ObjID="149" Name="Port 13 - RJ45 (X1 P13)" SlotNr="13" IsRingCapable="1" PortTypeRefId="43"/><Port ID="59" ObjID="150" Name="Port 14 - RJ45 (X1 P14)" SlotNr="14" IsRingCapable="1" PortTypeRefId="43"/><Port ID="60" ObjID="151" Name="Port 15 - RJ45 (X1 P15)" SlotNr="15" IsRingCapable="1" PortTypeRefId="43"/><Port ID="61" ObjID="152" Name="Port 16 - RJ45 (X1 P16)" SlotNr="16" IsRingCapable="1" PortTypeRefId="43"/></Interface><GraphLayout XPos="-329" YPos="-340" IsExpanded="1" IsDeactivated="0"/></Device><Device ID="62" Name="ST01-CF5001-4" ObjID="241" IP="10.164.111.177" DeviceTypeRefId="63" MLFB="O830Z410009" Station="03FBOEH03PLC" DeviceID="43974657" SubsystemID="100" DeviceNo="3" FWVersion="V3.3" Type="Tool Monitoring" SubnetRefId="3" PNControllerRefId="4"><Interface ID="64" Name="ST01-CF5001-4" ObjID="242" InterfaceTypeRefId="65" SlotNr="0"><Port ID="66" ObjID="244" Name="Port 1 (X1 P1)" SlotNr="1" PortTypeRefId="67" ConnectionRefId="68"/><Port ID="69" ObjID="243" Name="Port 2 (X1 P2)" SlotNr="2" PortTypeRefId="67"/></Interface><GraphLayout XPos="-215" YPos="-280" IsExpanded="1" IsDeactivated="0"/></Device><Device ID="70" Name="KSS-KF0759-0" ObjID="21" IP="10.164.111.173" DeviceTypeRefId="32" MLFB="6ES7154-4AB10-0AB0" IsSharedDevice="1" PrimaryAssignment="1" RTClass3Type="RT" SupportRTClass3="1" Station="03FBOEH03PLC" DeviceID="2753285" SubsystemID="100" DeviceNo="48" FWVersion="V7.1" Type="IM154-4PN" SubnetRefId="3" PNControllerRefId="4"><Interface ID="71" Name="KSS-KF0759-0" ObjID="22" InterfaceTypeRefId="34"><Port ID="72" ObjID="24" Name="Port 1 (X2 P1 R)" SlotNr="1" IsRingCapable="1" PortTypeRefId="36" ConnectionRefId="73" IsPortAssigned="1"/><Port ID="74" ObjID="25" Name="Port 2 (X2 P2 R)" SlotNr="2" IsRingCapable="1" PortTypeRefId="36" IsPortAssigned="1" ConnectionRefId="87"/></Interface><GraphLayout XPos="33" YPos="-132" IsExpanded="1" IsDeactivated="0"/></Device><Device ID="75" Name="HPL-KF0757-0" ObjID="11" IP="10.164.111.171" DeviceTypeRefId="32" MLFB="6ES7154-4AB10-0AB0" IsSharedDevice="1" PrimaryAssignment="1" RTClass3Type="RT" SupportRTClass3="1" Station="03FBOEH03PLC" DeviceID="2753285" SubsystemID="100" DeviceNo="39" FWVersion="V7.1" Type="IM154-4PN" SubnetRefId="3" PNControllerRefId="4"><Interface ID="76" Name="HPL-KF0757-0" ObjID="12" InterfaceTypeRefId="34"><Port ID="77" ObjID="14" Name="Port 1 (X2 P1 R)" SlotNr="1" IsRingCapable="1" PortTypeRefId="36" ConnectionRefId="78" IsPortAssigned="1"/><Port ID="79" ObjID="15" Name="Port 2 (X2 P2 R)" SlotNr="2" IsRingCapable="1" PortTypeRefId="36" ConnectionRefId="80" IsPortAssigned="1"/></Interface><GraphLayout XPos="-141" YPos="-135" IsExpanded="1" IsDeactivated="0"/></Device><Device ID="81" Name="KSS-MA0609-1" ObjID="248" IP="10.164.111.174" DeviceTypeRefId="82" MLFB="ABCC-PRT(2-Port)" Station="03FBOEH03PLC" DeviceID="17563657" SubsystemID="100" DeviceNo="49" FWVersion="V2.7" Type="Anybus CompactCom PRT 2-Port" SubnetRefId="3" PNControllerRefId="4"><Interface ID="83" Name="KSS-MA0609-1" ObjID="249" InterfaceTypeRefId="84" SlotNr="0"><Port ID="85" ObjID="251" Name="Port 1 (P1)" SlotNr="1" PortTypeRefId="86" ConnectionRefId="87"/><Port ID="88" ObjID="250" Name="Port 2 (P2)" SlotNr="2" PortTypeRefId="86"/></Interface><GraphLayout XPos="115" YPos="-132" IsExpanded="1" IsDeactivated="0"/></Device><Device ID="89" Name="ST01-PG303-1" ObjID="355" IP="10.164.111.175" DeviceTypeRefId="90" MLFB="7KM9300-0AE01-0AA0" RTClass3Type="RT" SupportRTClass3="1" Station="03FBOEH03PLC" DeviceID="2755333" SubsystemID="100" DeviceNo="20" FWVersion="V2.1" Type="SENTRON" SubnetRefId="3" PNControllerRefId="4"><Interface ID="91" Name="ST01-PG303-1" ObjID="360" InterfaceTypeRefId="92" SlotNr="0"><Port ID="93" ObjID="362" Name="Port 1 (X1 P1 R)" SlotNr="1" IsRingCapable="1" PortTypeRefId="94" ConnectionRefId="95"/><Port ID="96" ObjID="363" Name="Port 2 (X1 P2 R)" SlotNr="2" IsRingCapable="1" PortTypeRefId="94"/></Interface><GraphLayout XPos="-227" YPos="-202" IsExpanded="1" IsDeactivated="0"/></Device><Device ID="97" Name="ST01-XF736-0-X2" ObjID="364" IP="10.164.111.178" DeviceTypeRefId="98" MLFB="6ES7158-3AD10-0XA0" IsSharedDevice="1" PrimaryAssignment="1" RTClass3Type="RT" SupportRTClass3="1" Station="03FBOEH03PLC" DeviceID="2754052" SubsystemID="100" DeviceNo="22" FWVersion="V4.2" Type="PN/PN Coupler" SubnetRefId="3" PNControllerRefId="4"><Interface ID="99" Name="ST01-XF736-0-X2" ObjID="365" InterfaceTypeRefId="100" SlotNr="0"><Port ID="101" ObjID="367" Name="Port 1 (2xRJ45) (X2 P1 R)" SlotNr="1" IsRingCapable="1" PortTypeRefId="102" ConnectionRefId="103" IsPortAssigned="1" MLFB="6ES7 193-6AR00-0AA0"/><Port ID="104" ObjID="368" Name="Port 2 (2xRJ45) (X2 P2 R)" SlotNr="2" IsRingCapable="1" PortTypeRefId="102" IsPortAssigned="1" MLFB="6ES7 193-6AR00-0AA0"/></Interface><GraphLayout XPos="-163" YPos="-314" IsExpanded="1" IsDeactivated="0"/></Device><Device ID="105" Name="ZP-BX0740-1" ObjID="388" IP="10.164.111.176" DeviceTypeRefId="106" MLFB="DMR-87xx-xx" Station="03FBOEH03PLC" DeviceID="20381701" SubsystemID="100" DeviceNo="21" FWVersion="6.2" Type="Cognex ID Readers" SubnetRefId="3" PNControllerRefId="4"><Interface ID="107" Name="ZP-BX0740-1" ObjID="396" InterfaceTypeRefId="108" SlotNr="0"><Port ID="109" ObjID="398" Name="Port 1 (X1 P1)" SlotNr="1" PortTypeRefId="110" ConnectionRefId="111"/></Interface><GraphLayout XPos="-227" YPos="-242" IsExpanded="1" IsDeactivated="0"/></Device></UsedDevicesStep7><ConnectionList><Connection ID="46" PortToPortLength="0" PortToPortDelay="0"><Comment></Comment></Connection><Connection ID="48" PortToPortLength="0" PortToPortDelay="0"><Comment></Comment></Connection><Connection ID="50" PortToPortLength="0" PortToPortDelay="0"><Comment></Comment></Connection><Connection ID="68" PortToPortLength="0" PortToPortDelay="0"><Comment></Comment></Connection><Connection ID="73" PortToPortLength="0" PortToPortDelay="0"><Comment></Comment></Connection><Connection ID="78" PortToPortLength="100000" PortToPortDelay="600"><Comment></Comment></Connection><Connection ID="80" PortToPortLength="0" PortToPortDelay="0"><Comment></Comment></Connection><Connection ID="87" PortToPortLength="0" PortToPortDelay="0"><Comment></Comment></Connection><Connection ID="95" PortToPortLength="100000" PortToPortDelay="600"><Comment></Comment></Connection><Connection ID="103" PortToPortLength="100000" PortToPortDelay="600"><Comment></Comment></Connection><Connection ID="111" PortToPortLength="100000" PortToPortDelay="600"><Comment></Comment></Connection></ConnectionList><UserSettings><GraphLayout InitialPosLeft="-551" InitialPosRight="293" InitialPosTop="-403" InitialPosBottom="-7" SliderPos="19"/><WindowSettings ShowDeltaList="1" ShowCatalogList="1" InOnlineMode="1" SortedColumn="0" WndPosSize="77;63;1798;938" TableFilter="0" ShowStationName="1" Unit="m" SelectionIDs=""/><WallpaperList/><GroupList/><OptionsSettings MiniatureAndCatalogView="1" StationsAndModuleView="0" NodesListView="0"/><ColumnSettings OfflineColumns="Name;Partner;LengthOffline;Length;SignalTime;Comment;Subnet;IPAddress;" OnlineColumns="Name;State;Partner;LengthOffline;LengthOnline;Damping;Length;SignalTime;Comment;Subnet;IPAddress;"/></UserSettings></Project></TopologieFile>
